{
  "lang":"pt",
  "name":"pipeline",
  "version":"0.0.0",
  "spacy_version":">=3.8.2,<3.9.0",
  "description":"",
  "author":"",
  "email":"",
  "url":"",
  "license":"",
  "spacy_git_version":"63f1b53",
  "vectors":{
    "width":300,
    "vectors":500000,
    "keys":500000,
    "name":"pt_vectors",
    "mode":"default"
  },
  "labels":{
    "tok2vec":[

    ],
    "ner":[
      "assistente",
      "atacante",
      "campeonato",
      "defensor",
      "est\u00e1dio",
      "goleiro",
      "meio-campista",
      "placar",
      "time",
      "t\u00e9cnico",
      "\u00e1rbitro principal"
    ]
  },
  "pipeline":[
    "tok2vec",
    "ner"
  ],
  "components":[
    "tok2vec",
    "ner"
  ],
  "disabled":[

  ],
  "performance":{
    "ents_f":0.5489236791,
    "ents_p":0.6523255814,
    "ents_r":0.4738175676,
    "ents_per_type":{
      "time":{
        "p":0.7930327869,
        "r":0.7140221402,
        "f":0.7514563107
      },
      "t\u00e9cnico":{
        "p":0.4745762712,
        "r":0.4210526316,
        "f":0.4462151394
      },
      "campeonato":{
        "p":0.46,
        "r":0.3622047244,
        "f":0.4052863436
      },
      "placar":{
        "p":0.8536585366,
        "r":0.5384615385,
        "f":0.6603773585
      },
      "defensor":{
        "p":0.2444444444,
        "r":0.3188405797,
        "f":0.2767295597
      },
      "atacante":{
        "p":0.0,
        "r":0.0,
        "f":0.0
      },
      "meio-campista":{
        "p":0.0,
        "r":0.0,
        "f":0.0
      },
      "est\u00e1dio":{
        "p":0.652173913,
        "r":0.4054054054,
        "f":0.5
      },
      "\u00e1rbitro principal":{
        "p":0.0,
        "r":0.0,
        "f":0.0
      },
      "goleiro":{
        "p":0.0,
        "r":0.0,
        "f":0.0
      },
      "assistente":{
        "p":0.0,
        "r":0.0,
        "f":0.0
      }
    },
    "tok2vec_loss":1407.9262997526,
    "ner_loss":7581.2153320312
  }
}